_id,username,gross_income,taxable_income,regime,total_tax,date,basic_salary,hra,bonus,other_income,deduction_80C,deduction_80D,standard_deduction,slab_breakdown
67e613fe03d1f904f47ceab3,nalin,1235000,1185000,New,116480.0,,,,,,,,,
67e6151b03d1f904f47ceac1,nalin,1670000,1620000,New,232440.0,2025-03-28 08:48:51,,,,,,,,
67ecaa8eb8d322e3ffd939f1,nalin,2410000,2360000,New,463320.0,2025-04-02 08:40:06,,,,,,,,
67ecaa92b8d322e3ffd939f3,nalin,2410000,2360000,New,463320.0,2025-04-02 08:40:10,,,,,,,,
67ecaa96b8d322e3ffd939f5,nalin,2410000,2360000,New,463320.0,2025-04-02 08:40:14,,,,,,,,
67ecaa9db8d322e3ffd939f8,nalin,2410000,2250000,Old,507000.0,2025-04-02 08:40:21,,,,,,,,
67ecb1ecb8d322e3ffd93a45,nalin,10276989,10148616,Old,2971368.192,2025-04-02 09:11:32,10000000.0,30000.0,12000.0,234989.0,34784.0,43589.0,50000.0,"[{'range': '1 - 250000', 'amount': 250000, 'rate': 0, 'tax': 0}, {'range': '250001 - 500000', 'amount': 250000, 'rate': 0.05, 'tax': 12500.0}, {'range': '500001 - 750000', 'amount': 250000, 'rate': 0.2, 'tax': 50000.0}, {'range': '750001 - 1000000', 'amount': 250000, 'rate': 0.2, 'tax': 50000.0}, {'range': '1000001 - 1250000', 'amount': 250000, 'rate': 0.3, 'tax': 75000.0}, {'range': '1250001 - 1500000', 'amount': 250000, 'rate': 0.3, 'tax': 75000.0}, {'range': '1500001 - inf', 'amount': 8648616, 'rate': 0.3, 'tax': 2594584.8}]"
6808533e5b09831da190f2ec,nalin,10437078,10387078,New,2967768.336,2025-04-23 08:11:02,10000000.0,290000.0,23098.0,123980.0,0.0,0.0,50000.0,"[{'range': '1 - 250000', 'amount': 250000, 'rate': 0, 'tax': 0}, {'range': '250001 - 500000', 'amount': 250000, 'rate': 0.05, 'tax': 12500.0}, {'range': '500001 - 750000', 'amount': 250000, 'rate': 0.1, 'tax': 25000.0}, {'range': '750001 - 1000000', 'amount': 250000, 'rate': 0.15, 'tax': 37500.0}, {'range': '1000001 - 1250000', 'amount': 250000, 'rate': 0.2, 'tax': 50000.0}, {'range': '1250001 - 1500000', 'amount': 250000, 'rate': 0.25, 'tax': 62500.0}, {'range': '1500001 - inf', 'amount': 8887078, 'rate': 0.3, 'tax': 2666123.4}]"
680866155b09831da190f2fb,nalin,623577,573577,New,20652.008,2025-04-23 09:31:25,500000.0,60000.0,6789.0,56788.0,0.0,0.0,50000.0,"[{'range': '1 - 250000', 'amount': 250000, 'rate': 0, 'tax': 0}, {'range': '250001 - 500000', 'amount': 250000, 'rate': 0.05, 'tax': 12500.0}, {'range': '500001 - 750000', 'amount': 73577, 'rate': 0.1, 'tax': 7357.700000000001}]"
